{
	"axis_max" : 4.022921085357666,
	"axis_min" : -0.76341366767883301,
	"bounding_polygon" : 
	[
		[ 1.88087115, 15.90858841, 1.21005761],
		[ 0.58746277, 16.61909378, 1.20953813],
		[ 2.02036595, 13.96176561, 1.15538025],
		[ 1.38095725, 15.209198, 1.88938451],
		[ 0.41171938, 16.14386749, 1.17538249]
	],
	"class_name" : "SelectionPolygonVolume",
	"orthogonal_axis" : "Y",
	"version_major" : 1,
	"version_minor" : 0
}